id,indices,language
0,"[2, 3]",tr
1,"[4, 5, 6]",tr
2,"[0, 1]",tr
3,[-1],tr
4,[-1],tr
5,[-1],tr
6,[-1],tr
7,[-1],tr
8,"[1, 2]",tr
9,"[6, 7, 8]",tr
10,[-1],tr
11,"[5, 6]",tr
12,"[2, 4]",tr
13,"[0, 1, 2]",tr
14,[-1],tr
15,[-1],tr
16,[-1],tr
17,"[2, 3]",tr
18,[-1],tr
19,[-1],tr
20,[-1],tr
21,[-1],tr
22,[-1],tr
23,[-1],tr
24,"[5, 6]",tr
25,[-1],tr
26,[-1],tr
27,"[0, 1, 2]",tr
28,"[0, 1]",tr
29,"[5, 6]",tr
30,[-1],tr
31,[-1],tr
32,[-1],tr
33,[-1],tr
34,"[0, 1]",tr
35,"[2, 3]",tr
36,[7],tr
37,"[13, 14]",tr
38,"[3, 4]",tr
39,[3],tr
40,"[2, 3, 4]",tr
41,"[9, 10]",tr
42,"[4, 5]",tr
43,[-1],tr
44,"[5, 6]",tr
45,[-1],tr
46,[-1],tr
47,"[10, 11]",tr
48,"[2, 3]",tr
49,[-1],tr
50,[-1],tr
51,"[7, 8, 9]",tr
52,"[2, 3]",tr
53,[-1],tr
54,"[6, 7]",tr
55,[-1],tr
56,"[6, 7]",tr
57,[-1],tr
58,"[2, 3]",tr
59,"[1, 2]",tr
60,"[0, 1]",tr
61,"[0, 1, 2]",tr
62,[-1],tr
63,[-1],tr
64,[-1],tr
65,[3],tr
66,[-1],tr
67,"[2, 3]",tr
68,[-1],tr
69,[-1],tr
70,[-1],tr
71,"[0, 1, 2]",tr
72,"[2, 3]",tr
73,[-1],tr
74,"[2, 3]",tr
75,[-1],tr
76,"[3, 4]",tr
77,"[0, 1]",tr
78,[-1],tr
79,[-1],tr
80,[-1],tr
81,[-1],tr
82,[-1],tr
83,"[2, 3]",tr
84,"[6, 7]",tr
85,[-1],tr
86,[-1],tr
87,[-1],tr
88,[-1],tr
89,"[4, 5]",tr
90,"[2, 3, 4]",tr
91,[-1],tr
92,[2],tr
93,"[4, 5]",tr
94,"[2, 3]",tr
95,[-1],tr
96,[-1],tr
97,[6],tr
98,"[7, 8]",tr
99,"[3, 4]",tr
100,[-1],tr
101,"[8, 9, 10]",tr
102,"[11, 12]",tr
103,"[0, 1]",tr
104,[-1],tr
105,[5],tr
106,[1],tr
107,"[2, 4, 5]",tr
108,[-1],tr
109,[-1],tr
110,"[5, 6]",tr
111,"[3, 4]",tr
112,"[0, 1]",tr
113,"[3, 4]",tr
114,[-1],tr
115,"[0, 2]",tr
116,[-1],tr
117,"[1, 3]",tr
118,[0],tr
119,[-1],tr
120,"[5, 6]",tr
121,"[5, 6]",tr
122,[0],tr
123,[-1],tr
124,"[3, 4]",tr
125,[-1],tr
126,[-1],tr
127,[-1],tr
128,[-1],tr
129,"[3, 4]",tr
130,"[6, 7]",tr
131,"[6, 7]",tr
132,"[3, 4]",tr
133,"[3, 4]",tr
134,"[0, 1]",tr
135,[-1],tr
136,"[5, 6]",tr
137,"[0, 1]",tr
138,[-1],tr
139,"[0, 2]",tr
140,"[3, 4]",tr
141,"[4, 5]",tr
142,[-1],tr
143,[-1],tr
144,[-1],tr
145,[-1],tr
146,[-1],tr
147,[-1],tr
148,[-1],tr
149,[-1],tr
150,[-1],tr
151,[-1],tr
152,"[3, 6]",tr
153,[-1],tr
154,[-1],tr
155,[-1],tr
156,"[2, 3]",tr
157,"[4, 5]",tr
158,"[5, 6]",tr
159,"[2, 3, 4]",tr
160,[7],tr
161,[-1],tr
162,[-1],tr
163,"[0, 1]",tr
164,"[2, 3]",tr
165,[-1],tr
166,[-1],tr
167,[-1],tr
168,[-1],tr
169,[5],tr
170,[-1],tr
171,[-1],tr
172,"[4, 5]",tr
173,[-1],tr
174,"[8, 9]",tr
175,"[0, 1]",tr
176,"[2, 3]",tr
177,[-1],tr
178,"[3, 4, 5]",tr
179,"[2, 3]",tr
180,"[3, 4]",tr
181,[-1],tr
182,[-1],tr
183,[2],tr
184,"[3, 5]",tr
185,"[6, 7]",tr
186,"[0, 1, 2]",tr
187,"[0, 1]",tr
188,[-1],tr
189,[-1],tr
190,"[0, 1, 4, 5]",tr
191,"[0, 1]",tr
192,"[7, 8]",tr
193,"[1, 2]",tr
194,"[3, 4, 5]",tr
195,[-1],tr
196,"[6, 7]",tr
197,[3],tr
198,"[4, 5]",tr
199,[4],tr
200,"[5, 6]",tr
201,[-1],tr
202,"[0, 1]",tr
203,"[3, 4]",tr
204,[-1],tr
205,"[3, 5]",tr
206,"[0, 1]",tr
207,[-1],tr
208,"[7, 8]",tr
209,[4],tr
210,[-1],tr
211,[3],tr
212,[-1],tr
213,[-1],tr
214,[-1],tr
215,[2],tr
216,[-1],tr
217,[-1],tr
218,[-1],tr
219,[-1],tr
220,"[2, 3]",tr
221,[-1],tr
222,[-1],tr
223,[3],tr
224,[-1],tr
225,"[0, 1]",tr
226,[-1],tr
227,"[0, 1]",tr
228,"[0, 1]",tr
229,[-1],tr
230,[-1],tr
231,"[2, 3]",tr
232,[-1],tr
233,[-1],tr
234,[-1],tr
235,"[0, 1]",tr
236,"[2, 3]",tr
237,[-1],tr
238,[-1],tr
239,[-1],tr
240,[-1],tr
241,[-1],tr
242,"[0, 1]",tr
243,[4],tr
244,"[1, 3, 4]",tr
245,[-1],tr
246,"[4, 5]",tr
247,[-1],tr
248,"[2, 5]",tr
249,"[4, 5]",tr
250,[-1],tr
251,"[4, 5]",tr
252,"[2, 3]",tr
253,"[1, 2]",tr
254,[-1],tr
255,[-1],tr
256,[-1],tr
257,[-1],tr
258,[-1],tr
259,"[2, 5]",tr
260,"[0, 1, 2]",tr
261,"[2, 3, 4]",tr
262,[-1],tr
263,[-1],tr
264,[-1],tr
265,[-1],tr
266,[-1],tr
267,[-1],tr
268,"[2, 3]",tr
269,"[2, 3]",tr
270,"[5, 6]",tr
271,[-1],tr
272,"[2, 3]",tr
273,"[0, 1, 2]",tr
274,"[5, 6]",tr
275,[-1],tr
276,"[3, 4]",tr
277,[-1],tr
278,[-1],tr
279,"[7, 8]",tr
280,[-1],tr
281,[3],tr
282,[-1],tr
283,"[5, 6]",tr
284,[-1],tr
285,[-1],tr
286,[-1],tr
287,[-1],tr
288,"[2, 3]",tr
289,"[0, 1, 2]",tr
290,"[5, 6]",tr
291,"[5, 6]",tr
292,[-1],tr
293,[-1],tr
294,[-1],tr
295,"[4, 5]",tr
296,[-1],tr
297,"[2, 3]",tr
298,"[5, 6]",tr
299,"[0, 1, 2]",tr
300,[-1],tr
301,"[3, 4]",tr
302,[-1],tr
303,[-1],tr
304,[-1],tr
305,[-1],tr
306,[-1],tr
307,"[3, 4]",tr
308,[6],tr
309,"[3, 4]",tr
310,[-1],tr
311,[-1],tr
312,"[2, 3]",tr
313,[-1],tr
314,[-1],tr
315,[-1],tr
316,"[0, 1]",tr
317,[-1],tr
318,[2],tr
319,[-1],tr
320,"[3, 4]",tr
321,"[4, 5]",tr
322,[-1],tr
323,"[2, 3]",tr
324,[-1],tr
325,"[9, 10]",tr
326,"[0, 1]",tr
327,"[4, 5]",tr
328,[-1],tr
329,"[0, 1, 2]",tr
330,"[2, 3]",tr
331,"[5, 6]",tr
332,[0],tr
333,"[4, 5, 6]",tr
334,[-1],tr
335,[-1],tr
336,"[2, 3, 4, 5]",tr
337,"[0, 1]",tr
338,[-1],tr
339,[-1],tr
340,[-1],tr
341,[-1],tr
342,"[3, 4]",tr
343,"[2, 3]",tr
344,"[3, 4]",tr
345,"[0, 1]",tr
346,[-1],tr
347,"[3, 4]",tr
348,"[8, 9, 12, 13]",tr
349,[-1],tr
350,[4],tr
351,[-1],tr
352,"[4, 5]",tr
353,"[1, 2]",tr
354,"[4, 5]",tr
355,"[2, 3]",tr
356,"[2, 3]",tr
357,[-1],tr
358,"[0, 1]",tr
359,[5],tr
360,"[0, 1]",tr
361,[-1],tr
362,"[2, 3]",tr
363,"[0, 1]",tr
364,[2],tr
365,[-1],tr
366,"[3, 4]",tr
367,"[4, 5]",tr
368,[-1],tr
369,[-1],tr
370,[-1],tr
371,[5],tr
372,"[0, 1]",tr
373,[-1],tr
374,"[6, 7]",tr
375,"[0, 1, 2]",tr
376,"[4, 5]",tr
377,[-1],tr
378,"[3, 5]",tr
379,[-1],tr
380,[-1],tr
381,"[3, 4]",tr
382,[-1],tr
383,"[7, 8]",tr
384,"[1, 2]",tr
385,[-1],tr
386,"[0, 1]",tr
387,"[1, 2]",tr
388,[-1],tr
389,[-1],tr
390,[-1],tr
391,"[3, 4, 5]",tr
392,"[0, 1]",tr
393,"[3, 4]",tr
394,"[6, 7, 8]",tr
395,[-1],tr
396,"[7, 8, 9]",tr
397,"[3, 4]",tr
398,"[3, 4]",tr
399,"[5, 6]",tr
400,"[4, 5, 6]",tr
401,[-1],tr
402,[-1],tr
403,[-1],tr
404,[1],tr
405,"[12, 13]",tr
406,"[2, 3]",tr
407,"[8, 9]",tr
408,[-1],tr
409,[-1],tr
410,"[0, 1]",tr
411,[-1],tr
412,"[2, 3]",tr
413,"[0, 1, 2]",tr
414,"[3, 4]",tr
415,[-1],tr
416,[-1],tr
417,[-1],tr
418,[-1],tr
419,"[2, 3]",tr
420,[-1],tr
421,[-1],tr
422,"[0, 1]",tr
423,"[10, 11]",tr
424,"[2, 3]",tr
425,"[2, 3]",tr
426,"[5, 6]",tr
427,[-1],tr
428,"[5, 6]",tr
429,"[5, 6]",tr
430,[5],tr
431,"[2, 3]",tr
432,"[4, 5, 8, 9]",tr
433,[-1],tr
434,"[2, 3]",tr
435,[-1],tr
436,"[4, 5]",tr
437,[-1],tr
438,"[4, 5]",tr
439,[5],tr
440,"[0, 1]",tr
441,[-1],tr
442,[-1],tr
443,[-1],tr
444,"[1, 2]",tr
445,"[6, 7]",tr
446,"[3, 4]",tr
447,"[0, 1]",tr
448,[-1],tr
449,[-1],tr
450,[-1],tr
451,"[5, 6]",tr
452,"[3, 4]",tr
453,"[4, 5]",tr
454,"[4, 5]",tr
455,[-1],tr
456,"[3, 4]",tr
457,[-1],tr
458,"[2, 3]",tr
459,"[5, 6]",tr
460,"[0, 1]",tr
461,"[3, 4]",tr
462,"[4, 5]",tr
463,"[4, 5]",tr
464,[-1],tr
465,"[5, 6]",tr
466,[-1],tr
467,"[4, 5]",tr
468,[-1],tr
469,"[2, 3]",tr
470,[-1],tr
471,"[9, 10]",tr
472,"[3, 4]",tr
473,[-1],tr
474,[-1],tr
475,"[0, 1, 6]",tr
476,[-1],tr
477,"[2, 3]",tr
478,[-1],tr
479,[-1],tr
480,"[2, 3]",tr
481,[-1],tr
482,"[1, 2]",tr
483,[-1],tr
484,[-1],tr
485,[-1],tr
486,"[4, 5, 6]",tr
487,"[3, 4]",tr
488,[-1],tr
489,"[2, 5, 6]",tr
490,[-1],tr
491,"[0, 1]",tr
492,"[3, 4]",tr
493,"[1, 2]",tr
494,"[6, 7]",tr
495,"[0, 1]",tr
496,[-1],tr
497,"[3, 4]",tr
498,"[2, 3]",tr
499,[-1],tr
500,[-1],tr
501,"[2, 3]",tr
502,[-1],tr
503,[2],tr
504,[-1],tr
505,[-1],tr
506,[-1],tr
507,[-1],tr
508,"[3, 4]",tr
509,"[2, 5, 6]",tr
510,"[0, 1]",tr
511,"[3, 5]",tr
512,"[2, 3]",tr
513,[-1],tr
514,"[0, 1]",tr
515,"[3, 4]",tr
516,[-1],tr
517,"[3, 4, 5]",tr
518,[-1],tr
519,[5],tr
520,"[2, 3]",tr
521,[-1],tr
522,"[2, 3]",tr
523,"[1, 2]",tr
524,[-1],tr
525,[-1],tr
526,"[2, 3, 9, 10]",tr
527,[-1],tr
528,"[0, 1, 4, 5]",tr
529,"[3, 4]",tr
530,[-1],tr
531,"[3, 4]",tr
532,[-1],tr
533,[0],tr
534,"[3, 4]",tr
535,[-1],tr
536,[-1],tr
537,[-1],tr
538,"[2, 3, 4]",tr
539,[2],tr
540,"[3, 4]",tr
541,"[3, 4]",tr
542,[-1],tr
543,[-1],tr
544,"[4, 5]",tr
545,[-1],tr
546,"[2, 5]",tr
547,"[4, 5]",tr
548,"[6, 7]",tr
549,"[2, 3]",tr
550,"[3, 4]",tr
551,"[5, 6]",tr
552,"[3, 4]",tr
553,[-1],tr
554,[-1],tr
555,[-1],tr
556,"[1, 2]",tr
557,"[2, 3]",tr
558,"[6, 7, 9, 10]",tr
559,[-1],tr
560,"[3, 4]",tr
561,[-1],tr
562,[3],tr
563,"[4, 5, 7, 9]",tr
564,[-1],tr
565,[-1],tr
566,"[13, 14]",tr
567,"[0, 1]",tr
568,[-1],tr
569,"[4, 5]",tr
570,"[5, 6]",tr
571,"[7, 8]",tr
572,[-1],tr
573,[-1],tr
574,"[6, 8]",tr
575,[-1],tr
576,[-1],tr
577,[-1],tr
578,"[1, 2]",tr
579,[-1],tr
580,"[0, 1]",tr
581,"[0, 1]",tr
582,[-1],tr
583,"[0, 1]",tr
584,[-1],tr
585,[-1],tr
586,[-1],tr
587,[-1],tr
588,[-1],tr
589,"[5, 6]",tr
590,"[3, 4]",tr
591,[-1],tr
592,[-1],tr
593,"[4, 5]",tr
594,[-1],tr
595,[-1],tr
596,[-1],tr
597,"[0, 1]",tr
598,"[5, 6, 7]",tr
599,[-1],tr
600,[-1],tr
601,"[5, 6]",tr
602,[-1],tr
603,"[4, 5]",tr
604,"[2, 3]",tr
605,"[2, 3]",tr
606,"[0, 1, 14, 15]",tr
607,[-1],tr
608,"[4, 5]",tr
609,[-1],tr
610,"[6, 7]",tr
611,"[7, 8]",tr
612,"[0, 1]",tr
613,"[2, 4]",tr
614,"[3, 4]",tr
615,"[2, 3]",tr
616,"[6, 7]",tr
617,"[0, 1]",tr
618,[-1],tr
619,[-1],tr
620,[-1],tr
621,[-1],tr
622,[-1],tr
623,"[4, 5]",tr
624,"[6, 7]",tr
625,[-1],tr
626,"[0, 1]",tr
627,[-1],tr
628,[-1],tr
629,"[5, 6]",tr
630,[-1],tr
631,[-1],tr
632,"[2, 3]",tr
633,"[2, 3, 4]",tr
634,[-1],tr
635,"[3, 4]",tr
636,[-1],tr
637,[-1],tr
638,[-1],tr
639,[2],tr
640,[-1],tr
641,"[3, 5]",tr
642,"[6, 7, 11]",tr
643,[-1],tr
644,"[4, 5]",tr
645,[-1],tr
646,[-1],tr
647,[5],tr
648,"[0, 1]",tr
649,[-1],tr
650,[-1],tr
651,"[3, 4]",tr
652,[-1],tr
653,[-1],tr
654,[-1],tr
655,[-1],tr
656,[-1],tr
657,[-1],tr
658,"[6, 7]",tr
659,[-1],tr
660,"[4, 5, 6]",tr
661,[-1],tr
662,[-1],tr
663,"[6, 7]",tr
664,"[3, 4]",tr
665,"[2, 3]",tr
666,"[7, 8]",tr
667,"[10, 11]",tr
668,[-1],tr
669,"[7, 8]",tr
670,[-1],tr
671,"[2, 3, 4]",tr
672,[-1],tr
673,[-1],tr
674,[-1],tr
675,[-1],tr
676,[-1],tr
677,[-1],tr
678,[-1],tr
679,"[4, 6]",tr
680,[3],tr
681,"[1, 2]",tr
682,[-1],tr
683,[-1],tr
684,"[2, 3]",tr
685,"[7, 8]",tr
686,"[2, 3, 4, 5]",it
687,[-1],it
688,[-1],it
689,[-1],it
690,[-1],it
691,"[2, 3, 4, 5]",it
692,"[1, 2, 3, 4]",it
693,[-1],it
694,"[6, 7, 8]",it
695,[-1],it
696,"[9, 10, 11]",it
697,[-1],it
698,[-1],it
699,"[8, 9]",it
700,[-1],it
701,[-1],it
702,[-1],it
703,"[2, 3, 4]",it
704,[-1],it
705,"[8, 9, 10]",it
706,[-1],it
707,"[0, 1, 2, 3]",it
708,"[12, 13, 14]",it
709,"[0, 1, 2, 3]",it
710,[2],it
711,"[11, 12]",it
712,"[3, 4]",it
713,[-1],it
714,"[4, 5, 6, 7]",it
715,[-1],it
716,"[9, 10, 11, 12]",it
717,[-1],it
718,"[11, 12, 13]",it
719,"[2, 3]",it
720,[-1],it
721,[-1],it
722,"[0, 1, 2, 3]",it
723,"[2, 3, 4, 5]",it
724,[-1],it
725,"[2, 3]",it
726,"[3, 4]",it
727,"[10, 11, 12]",it
728,"[0, 1, 2, 3]",it
729,"[1, 2, 3, 4, 5]",it
730,[-1],it
731,[-1],it
732,"[4, 5, 6, 7]",it
733,"[8, 9, 10, 11]",it
734,"[8, 9]",it
735,"[5, 6, 7, 8, 9]",it
736,[-1],it
737,[-1],it
738,[-1],it
739,"[2, 3]",it
740,"[0, 1, 2, 3, 4]",it
741,[-1],it
742,[-1],it
743,[-1],it
744,[-1],it
745,"[4, 5, 6]",it
746,[-1],it
747,"[3, 4]",it
748,"[7, 8, 9, 10]",it
749,[-1],it
750,"[0, 1, 2, 3]",it
751,[-1],it
752,[-1],it
753,"[3, 4, 5]",it
754,"[0, 1, 2, 3]",it
755,"[3, 4, 5]",it
756,"[0, 1, 2, 3]",it
757,"[1, 2, 3, 4]",it
758,"[2, 3, 4, 5, 6]",it
759,"[8, 9, 10]",it
760,"[4, 5, 6]",it
761,"[3, 4]",it
762,[-1],it
763,[-1],it
764,[-1],it
765,"[0, 1, 2, 3]",it
766,[-1],it
767,[-1],it
768,"[7, 8, 9, 10, 11]",it
769,"[0, 1, 2]",it
770,"[14, 15, 16]",it
771,"[0, 1, 2, 3, 4]",it
772,[-1],it
773,[-1],it
774,"[9, 10, 11, 12]",it
775,"[1, 2, 3, 4, 5]",it
776,"[1, 2, 3, 4]",it
777,"[3, 4, 5]",it
778,[-1],it
779,[-1],it
780,[-1],it
781,"[2, 3]",it
782,[-1],it
783,[-1],it
784,"[0, 1, 2, 3]",it
785,[-1],it
786,[-1],it
787,"[1, 2, 3, 4]",it
788,"[1, 2]",it
789,"[0, 1, 2, 3, 4]",it
790,[-1],it
791,[9],it
792,[-1],it
793,"[2, 3, 4]",it
794,[-1],it
795,"[5, 6]",it
796,"[5, 6, 7]",it
797,[-1],it
798,"[8, 9, 10, 11]",it
799,[-1],it
800,[-1],it
801,"[1, 2, 3, 4, 5]",it
802,[-1],it
803,[-1],it
804,"[7, 8, 9]",it
805,"[6, 7, 8]",it
806,[-1],it
807,"[13, 14]",it
808,"[1, 2, 3]",it
809,"[16, 17, 18, 19]",it
810,[-1],it
811,"[0, 1, 6, 7]",it
812,"[0, 1, 2]",it
813,[-1],it
814,[-1],it
815,"[0, 1, 2, 3]",it
816,"[0, 1, 2]",it
817,[-1],it
818,[-1],it
819,"[0, 1, 2, 3]",it
820,[-1],it
821,[-1],it
822,"[4, 5]",it
823,[-1],it
824,[-1],it
825,"[1, 2, 3, 4, 5]",it
826,"[4, 5, 6, 7, 8]",it
827,[-1],it
828,"[0, 1, 2, 3]",it
829,"[8, 9, 10, 11]",it
830,"[5, 6, 7]",it
831,"[1, 2, 3, 4]",it
832,"[4, 5, 6, 7, 8]",it
833,"[6, 7, 8, 9]",it
834,[-1],it
835,"[2, 3]",it
836,[-1],it
837,"[6, 7, 8]",it
838,"[2, 3, 4]",it
839,"[2, 3, 4]",it
840,[-1],it
841,"[12, 13, 14, 15]",it
842,[-1],it
843,"[9, 10]",it
844,"[8, 9, 10]",it
845,[-1],it
846,[-1],it
847,[3],it
848,"[2, 3, 4]",it
849,[-1],it
850,"[4, 5, 6]",it
851,"[10, 11, 12, 13, 14]",it
852,[-1],it
853,"[6, 7, 8]",it
854,[-1],it
855,[-1],it
856,"[9, 10, 11]",it
857,"[3, 4, 5]",it
858,[-1],it
859,"[4, 5]",it
860,[-1],it
861,"[9, 10]",it
862,"[5, 6]",it
863,[-1],it
864,[-1],it
865,[-1],it
866,[-1],it
867,[-1],it
868,[-1],it
869,[-1],it
870,"[3, 4]",it
871,"[0, 1, 2, 3, 4]",it
872,[-1],it
873,[-1],it
874,"[1, 2, 3]",it
875,[-1],it
876,"[0, 1, 2]",it
877,"[4, 5, 6, 7]",it
878,"[0, 1, 2]",it
879,[-1],it
880,[-1],it
881,"[1, 2]",it
882,"[6, 7, 8]",it
883,"[10, 11]",it
884,[-1],it
885,"[9, 10]",it
886,"[4, 5, 6, 7]",it
887,"[2, 3, 4, 5]",it
888,[-1],it
889,[-1],it
890,[-1],it
891,"[0, 1]",it
892,[-1],it
893,"[10, 11, 12]",it
894,[-1],it
895,"[0, 1, 2, 3]",it
896,"[4, 5, 6]",it
897,"[14, 15, 16]",it
898,"[0, 1, 2, 3]",it
899,"[3, 4, 5]",it
900,[-1],it
901,"[1, 2, 3]",it
902,[-1],it
903,"[4, 5, 6]",it
904,"[1, 2]",it
905,"[5, 6, 7]",it
906,[-1],it
907,"[0, 1, 2, 3]",it
908,"[1, 2, 3, 4, 5, 6]",it
909,[-1],it
910,[-1],it
911,[-1],it
912,[-1],it
913,"[4, 5, 6]",it
914,"[1, 2, 3]",it
915,"[6, 7, 8]",it
916,[-1],it
917,"[3, 4, 5]",it
918,[-1],it
919,[-1],it
920,[-1],it
921,"[7, 8]",it
922,[-1],it
923,"[12, 13, 14, 15]",it
924,"[0, 1, 2, 3]",it
925,"[6, 7, 8]",it
926,[-1],it
927,[-1],it
928,"[4, 5, 6]",it
929,"[0, 1, 2, 3]",it
930,[-1],it
931,[-1],it
932,"[1, 2, 3]",it
933,"[0, 1, 2, 3]",it
934,"[1, 2]",it
935,"[5, 6, 7, 8]",it
936,"[0, 1, 2]",it
937,[-1],it
938,[-1],it
939,[-1],it
940,[-1],it
941,[-1],it
942,"[3, 4]",it
943,[-1],it
944,"[1, 2, 3, 4]",it
945,[-1],it
946,[-1],it
947,"[2, 3, 4]",it
948,[-1],it
949,"[1, 2]",it
950,"[10, 11, 12, 13]",it
951,[-1],it
952,"[2, 3, 4]",it
953,[-1],it
954,[-1],it
955,[-1],it
956,[-1],it
957,[-1],it
958,[-1],it
959,"[2, 3, 4, 5]",it
960,[-1],it
961,[-1],it
962,"[1, 2, 3, 4, 5]",it
963,[-1],it
964,[-1],it
965,[-1],it
966,[-1],it
967,[-1],it
968,[-1],it
969,"[4, 5, 6, 7]",it
970,[-1],it
971,"[5, 6, 7, 8]",it
972,"[8, 9]",it
973,"[6, 7, 8, 9, 10]",it
974,[-1],it
975,"[10, 11, 12, 13]",it
976,"[0, 1, 2]",it
977,"[5, 6, 7]",it
978,[-1],it
979,[-1],it
980,"[0, 1, 2, 3]",it
981,[-1],it
982,[-1],it
983,"[1, 2, 3]",it
984,[-1],it
985,[-1],it
986,[-1],it
987,[-1],it
988,"[0, 1, 2, 3]",it
989,"[0, 1, 4, 5]",it
990,"[0, 1, 2, 3, 4, 5]",it
991,"[6, 7, 8]",it
992,[-1],it
993,"[2, 3, 4]",it
994,"[3, 4, 5]",it
995,[-1],it
996,[-1],it
997,"[0, 1, 2, 3, 4, 5]",it
998,[-1],it
999,[-1],it
1000,"[0, 1, 2]",it
1001,"[0, 1, 2, 3, 4]",it
1002,[-1],it
1003,[-1],it
1004,[-1],it
1005,"[5, 6]",it
1006,[-1],it
1007,[-1],it
1008,[-1],it
1009,"[4, 5, 6]",it
1010,[-1],it
1011,"[5, 6, 7, 8, 9]",it
1012,"[3, 4, 5]",it
1013,"[11, 12, 13]",it
1014,"[5, 6]",it
1015,[-1],it
1016,"[2, 3]",it
1017,"[1, 2, 3, 4, 5]",it
1018,"[6, 7, 8]",it
1019,[-1],it
1020,[-1],it
1021,[-1],it
1022,[-1],it
1023,[-1],it
1024,"[4, 5, 6, 7]",it
1025,"[4, 5, 6]",it
1026,"[2, 3, 4, 5, 6]",it
1027,[-1],it
1028,[-1],it
1029,"[1, 2]",it
1030,[-1],it
1031,"[7, 8, 9, 10]",it
1032,"[0, 1, 2, 3]",it
1033,"[0, 1, 2, 3, 4]",it
1034,[-1],it
1035,"[8, 9, 10]",it
1036,[-1],it
1037,"[2, 3, 4, 5, 6]",it
1038,[-1],it
1039,[-1],it
1040,"[0, 1, 2, 3]",it
1041,"[3, 4, 5]",it
1042,[-1],it
1043,"[5, 6, 7]",it
1044,[-1],it
1045,[-1],it
1046,[-1],it
1047,[-1],it
1048,[-1],it
1049,[-1],it
1050,"[6, 7, 8]",it
1051,[-1],it
1052,"[6, 7, 8]",it
1053,[-1],it
1054,"[11, 12]",it
1055,[-1],it
1056,"[3, 4, 5]",it
1057,"[4, 5, 6]",it
1058,[-1],it
1059,"[0, 1, 2, 3]",it
1060,[-1],it
1061,[-1],it
1062,"[6, 7, 8]",it
1063,"[0, 1, 2]",it
1064,"[3, 4]",it
1065,[-1],it
1066,[-1],it
1067,"[8, 9, 10, 11, 12]",it
1068,[-1],it
1069,[-1],it
1070,"[3, 4, 5, 6, 7]",it
1071,[-1],it
1072,[-1],it
1073,"[11, 12]",it
1074,[-1],it
1075,"[5, 6, 7, 8, 9]",it
1076,[-1],it
1077,"[3, 4, 5, 6, 7]",it
1078,[-1],it
1079,[-1],it
1080,"[8, 9, 10]",it
1081,[-1],it
1082,[-1],it
1083,"[4, 5]",it
1084,"[8, 9, 10]",it
1085,[-1],it
1086,"[3, 4, 5]",it
1087,"[0, 1, 2, 3]",it
1088,"[3, 4, 5, 6, 7]",it
1089,[-1],it
1090,"[0, 1, 2, 3, 4]",it
1091,[-1],it
1092,[-1],it
1093,[-1],it
1094,"[2, 3, 4, 5]",it
1095,"[1, 2]",it
1096,"[2, 3, 4, 5]",it
1097,"[6, 7, 8, 9]",it
1098,[-1],it
1099,"[6, 7, 8, 9]",it
1100,"[0, 1, 2]",it
1101,[-1],it
1102,[-1],it
1103,"[6, 7, 8]",it
1104,[-1],it
1105,[-1],it
1106,"[3, 4, 5]",it
1107,"[2, 3, 4, 5]",it
1108,[-1],it
1109,[-1],it
1110,"[4, 5, 6]",it
1111,"[0, 1, 2]",it
1112,[4],it
1113,[-1],it
1114,[-1],it
1115,"[0, 7, 8]",it
1116,"[0, 1, 2]",it
1117,"[5, 6]",it
1118,[-1],it
1119,"[0, 1, 2, 3]",it
1120,[-1],it
1121,"[6, 7]",it
1122,"[9, 10]",it
1123,[-1],it
1124,"[4, 5, 6]",it
1125,"[2, 3]",it
1126,"[2, 3]",it
1127,"[4, 5]",it
1128,"[7, 8, 9]",it
1129,[7],it
1130,[-1],it
1131,"[2, 3, 4, 5]",it
1132,"[0, 1, 2, 3, 4]",it
1133,[-1],it
1134,"[10, 11, 12]",it
1135,"[1, 2]",it
1136,"[5, 6, 7]",it
1137,"[0, 1, 2, 3]",it
1138,"[1, 2, 3]",it
1139,[-1],it
1140,"[0, 1, 2]",it
1141,[-1],it
1142,[-1],it
1143,[-1],it
1144,"[0, 1, 2, 3]",it
1145,"[3, 4, 5]",it
1146,[-1],it
1147,"[7, 8, 9, 10, 11]",it
1148,[-1],it
1149,"[5, 6]",it
1150,"[0, 1, 2, 3]",it
1151,"[8, 9, 10]",it
1152,"[2, 3]",it
1153,"[4, 5, 6]",it
1154,"[3, 4, 5, 6]",it
1155,"[7, 8, 9]",it
1156,"[8, 9, 10, 11]",it
1157,"[4, 5, 6]",it
1158,[-1],it
1159,"[5, 6, 7]",it
1160,"[5, 6, 7]",it
1161,"[8, 9, 10, 11, 12]",it
1162,"[13, 14, 15, 16]",it
1163,"[4, 5, 6]",it
1164,[-1],it
1165,"[8, 9, 10, 11]",it
1166,[-1],it
1167,[-1],it
1168,[-1],it
1169,"[8, 9]",it
1170,[-1],it
1171,"[4, 5, 6]",it
1172,"[12, 13]",it
1173,[-1],it
1174,[-1],it
1175,[-1],it
1176,"[7, 8, 9, 10, 11]",it
1177,[-1],it
1178,[-1],it
1179,"[2, 3, 4]",it
1180,"[1, 2, 3, 4, 5, 6]",it
1181,[-1],it
1182,[-1],it
1183,"[2, 3, 4, 5]",it
1184,[-1],it
1185,[-1],it
1186,"[0, 1, 4, 5]",it
1187,[-1],it
1188,[-1],it
1189,"[1, 2, 3, 4]",it
1190,[-1],it
1191,[1],it
1192,[-1],it
1193,[-1],it
1194,"[8, 9, 10]",it
1195,[-1],it
1196,"[9, 10, 11, 12, 13]",it
1197,"[3, 4, 5]",it
1198,[-1],it
1199,[-1],it
1200,[-1],it
1201,"[6, 7, 8, 9]",it
1202,[-1],it
1203,[-1],it
1204,"[9, 10, 11, 12, 13]",it
1205,"[0, 1, 2, 3]",it
1206,[-1],it
1207,[-1],it
1208,"[1, 2, 3, 4]",it
1209,[-1],it
1210,"[3, 4, 5]",it
1211,[-1],it
1212,"[0, 1]",it
1213,"[6, 7, 8]",it
1214,"[1, 2, 3]",it
1215,"[3, 4, 5, 6]",it
1216,"[1, 2, 3]",it
1217,"[0, 1, 2]",it
1218,[-1],it
1219,[-1],it
1220,[-1],it
1221,[-1],it
1222,[-1],it
1223,"[9, 10, 11]",it
1224,[-1],it
1225,[-1],it
1226,[-1],it
1227,[-1],it
1228,"[9, 10, 11]",it
1229,"[3, 4, 5]",it
1230,"[9, 10, 11]",it
1231,"[0, 1]",it
1232,"[13, 14, 15, 16]",it
1233,[-1],it
1234,"[6, 7, 8, 9, 10]",it
1235,[-1],it
1236,[-1],it
1237,[-1],it
1238,[-1],it
1239,[-1],it
1240,"[3, 4, 5, 6]",it
1241,"[7, 8, 9]",it
1242,"[7, 8]",it
1243,"[8, 9, 10, 11]",it
1244,[-1],it
1245,"[3, 4, 5]",it
1246,[-1],it
1247,"[8, 9, 10, 11, 12]",it
1248,[-1],it
1249,[-1],it
1250,[-1],it
1251,[-1],it
1252,[-1],it
1253,"[0, 1, 2, 3, 4]",it
1254,"[0, 1, 2, 3]",it
1255,[-1],it
1256,"[3, 4, 5, 6]",it
1257,"[3, 4, 5, 6]",it
1258,[-1],it
1259,[-1],it
1260,"[0, 1, 2, 3, 4]",it
1261,"[3, 4, 5]",it
1262,"[0, 1, 2, 3]",it
1263,"[2, 3, 4]",it
1264,[-1],it
1265,[-1],it
1266,[-1],it
1267,"[4, 5, 6]",it
1268,[-1],it
1269,[-1],it
1270,[-1],it
1271,[-1],it
1272,"[10, 11]",it
1273,[-1],it
1274,"[8, 9, 10]",it
1275,"[10, 11, 12]",it
1276,[-1],it
1277,[-1],it
1278,[-1],it
1279,[-1],it
1280,"[0, 1, 2, 3]",it
1281,"[0, 1, 2, 3, 4]",it
1282,"[4, 5, 6, 7]",it
1283,"[1, 2, 3]",it
1284,"[3, 4, 5, 6, 7]",it
1285,[-1],it
1286,[-1],it
1287,[-1],it
1288,"[1, 2, 3]",it
1289,[-1],it
1290,"[2, 3, 4]",it
1291,"[0, 1, 2, 3]",it
1292,[-1],it
1293,"[6, 7, 8]",it
1294,"[9, 10, 11]",it
1295,[-1],it
1296,[-1],it
1297,[-1],it
1298,"[0, 1, 2, 3, 4]",it
1299,"[2, 3, 4]",it
1300,[-1],it
1301,"[1, 2, 3, 4]",it
1302,"[0, 1, 6, 7, 8, 9, 10]",it
1303,[-1],it
1304,[-1],it
1305,"[0, 1, 2, 3]",it
1306,"[1, 2, 3, 4]",it
1307,"[9, 10, 11, 12]",it
1308,"[4, 5, 6, 7, 8]",it
1309,"[1, 2]",it
1310,"[3, 4]",it
1311,[-1],it
1312,"[4, 5, 6]",it
1313,[-1],it
1314,"[3, 4, 5, 6, 7]",it
1315,[-1],it
1316,"[9, 10, 11, 12]",it
1317,[-1],it
1318,"[5, 6, 7]",it
1319,"[4, 5, 6]",it
1320,"[7, 8, 9, 10]",it
1321,"[3, 4, 5]",it
1322,[-1],it
1323,"[5, 6, 7]",it
1324,[-1],it
1325,"[12, 13, 14]",it
1326,"[1, 2, 3]",it
1327,"[3, 4, 5, 6, 7, 8]",it
1328,[-1],it
1329,[-1],it
1330,"[4, 5, 6, 7]",it
1331,[-1],it
1332,"[9, 10, 11]",it
1333,"[2, 3]",it
1334,[-1],it
1335,"[7, 8]",it
1336,[-1],it
1337,[-1],it
1338,[-1],it
1339,"[0, 1, 2, 3]",it
1340,"[6, 7, 8, 9]",it
1341,"[5, 6, 7, 8, 9]",it
1342,"[0, 1, 2, 3]",it
1343,[-1],it
1344,"[3, 4, 5, 6]",it
1345,"[2, 3, 4]",it
1346,"[2, 3]",it
1347,"[2, 3, 4, 5]",it
1348,"[0, 1, 2, 3]",it
1349,[-1],it
1350,"[2, 3, 4]",it
1351,"[1, 2, 3]",it
1352,"[4, 5, 6, 7]",it
1353,[-1],it
1354,[-1],it
1355,"[1, 2, 3, 4]",it
1356,"[12, 13]",it
1357,[-1],it
1358,"[6, 7, 8, 9]",it
1359,[-1],it
1360,[-1],it
1361,[-1],it
1362,"[4, 5, 6]",it
1363,[-1],it
1364,[-1],it
1365,[-1],it
1366,[-1],it
1367,[-1],it
1368,"[6, 7]",it
1369,[-1],it
1370,"[6, 7, 8, 9]",it
1371,[-1],it
1372,[-1],it
1373,"[0, 1, 2, 3]",it
1374,"[8, 9]",it
1375,"[0, 1, 2, 3]",it
1376,"[5, 6, 7, 8]",it
1377,"[4, 5, 6, 7]",it
1378,"[1, 2]",it
1379,"[1, 2, 3]",it
1380,"[5, 6, 7, 8, 9]",it
1381,"[13, 14, 15]",it
1382,[-1],it
1383,"[3, 4, 5]",it
1384,"[11, 12, 13]",it
1385,"[3, 4, 5]",it
1386,"[5, 6, 7]",it
1387,[-1],it
1388,[-1],it
1389,[-1],it
1390,"[11, 12, 13]",it
1391,[6],it
1392,"[3, 4, 5]",it
1393,[-1],it
1394,[-1],it
1395,"[8, 9, 10, 11, 12]",it
1396,[-1],it
1397,"[5, 6, 7, 8]",it
1398,[-1],it
1399,[-1],it
1400,"[1, 2]",it
1401,"[2, 3]",it
1402,"[6, 7, 8, 9]",it
1403,"[2, 3]",it
1404,[0],it
1405,"[4, 5]",it
1406,"[15, 16, 17, 18]",it
1407,"[4, 5, 6, 7]",it
1408,"[0, 1, 2, 6, 7]",it
1409,[-1],it
1410,"[4, 5, 6]",it
1411,[-1],it
1412,[-1],it
1413,[-1],it
1414,"[7, 8, 9, 10]",it
1415,[-1],it
1416,[-1],it
1417,"[1, 2, 3, 4]",it
1418,[-1],it
1419,[-1],it
1420,[-1],it
1421,[-1],it
1422,"[5, 6]",it
1423,"[6, 7, 8]",it
1424,[-1],it
1425,"[5, 6, 7, 8]",it
1426,"[11, 12, 13]",it
1427,"[7, 8, 9]",it
1428,[-1],it
1429,[-1],it
1430,"[1, 2, 3, 4]",it
1431,[-1],it
1432,"[4, 5]",it
1433,[-1],it
1434,"[0, 1]",it
1435,"[18, 19, 20, 21]",it
1436,"[2, 3]",it
